fecha,priv_no_financ_total-residentes,priv_corto_pl_or-residentes,priv_largo_pl_or-residentes,priv_corto_pl_rem-residentes,priv_largo_pl_rem-residentes,priv_tasa_fija-residentes,priv_tasa_var-residentes,priv_tasa_var_inf-residentes,priv_tasa_var_otro-residentes,priv_tasa_no_id-residentes,priv_aaa-residentes,priv_aa-residentes,priv_bbb_mayor-residentes,priv_bbb_menor-residentes,priv_calif_no_id-residentes,priv_local-residentes,priv_extranj-residentes,priv_hipot-residentes,priv_no_financ_total-no_residentes,priv_corto_pl_or-no_residentes,priv_largo_pl_or-no_residentes,priv_corto_pl_rem-no_residentes,priv_largo_pl_rem-no_residentes,priv_tasa_fija-no_residentes,priv_tasa_var-no_residentes,priv_tasa_var_inf-no_residentes,priv_tasa_var_otro-no_residentes,priv_tasa_no_id-no_residentes,priv_aaa-no_residentes,priv_aa-no_residentes,priv_bbb_mayor-no_residentes,priv_bbb_menor-no_residentes,priv_calif_no_id-no_residentes,priv_local-no_residentes,priv_extranj-no_residentes,priv_hipot-no_residentes
01/06/2009,211.2,21.7,189.5,35.1,176.1,54,152.6,32.7,119.8,4.6,82.8,57.6,39,28.4,3.5,211.2,0,0,0,0,0,0,0,0,0,0,0,0,0,0,0,0,0,0,0,0
01/07/2009,227.5,25.7,201.8,38.1,189.3,57.9,165.2,32.8,132.4,4.4,97.1,56.3,40.9,29.7,3.5,227.5,0,0,0,0,0,0,0,0,0,0,0,0,0,0,0,0,0,0,0,0
01/08/2009,229.8,28.6,201.3,40.8,189.1,57.5,167.5,32.9,134.6,4.9,98.4,54.4,42.1,31.5,3.5,229.8,0,0,0,0,0,0,0,0,0,0,0,0,0,0,0,0,0,0,0,0
01/09/2009,230,20.2,209.8,34.8,195.2,49,175.8,33,142.7,5.2,89.8,59.4,45.5,31.9,3.5,230,0,0,0,0,0,0,0,0,0,0,0,0,0,0,0,0,0,0,0,0
01/10/2009,236.1,20.3,215.8,38.9,197.3,49.4,181.3,34.2,147.1,5.5,96.5,59.5,41.9,32.2,6,236.1,0,0,0.7,0,0.7,0,0.7,0,0.7,0,0.7,0,0,0.7,0,0,0,0.7,0,0
01/11/2009,239.5,17.3,222.2,39.7,199.8,46.5,187.4,34.5,152.9,5.7,99.6,56.2,44.9,32.8,6,239.5,0,0,0.7,0,0.7,0,0.7,0,0.7,0,0.7,0,0,0.7,0,0,0,0.7,0,0
01/12/2009,243.6,16.8,226.9,42.9,200.7,46.5,192.4,34.7,157.7,4.8,103.7,61.2,44.7,27.8,6.3,243.6,0,0,0.7,0,0.7,0,0.7,0,0.7,0,0.7,0,0,0.7,0,0,0,0.7,0,0
01/01/2010,245.8,18.9,226.9,45.2,200.6,48.6,192.4,34.9,157.5,4.8,105.9,61.2,44.5,27.8,6.3,245.8,0,0,0.7,0,0.7,0,0.7,0,0.7,0,0.7,0,0,0.7,0,0,0,0.7,0,0
01/02/2010,242.3,17,225.3,41.2,201.1,47.7,189.8,35.2,154.5,4.8,103.2,61.3,43.5,27.9,6.3,242.3,0,0,0.7,0,0.7,0,0.7,0,0.7,0,0.7,0,0,0.7,0,0,0,0.7,0,0
01/03/2010,251.7,12.4,239.3,39.5,212.2,50.6,196.7,38.7,158,4.4,112.2,61.5,34.4,36.8,6.7,251.7,0,0,0.7,0,0.7,0.7,0,0,0.7,0,0.7,0,0,0.7,0,0,0,0.7,0,0
01/04/2010,250.5,14.9,235.7,38.4,212.1,51.1,195.5,38.8,156.6,4,109.7,61.5,35.8,36.8,6.7,250.5,0,0,0.7,0,0.7,0.7,0,0,0.7,0,0.7,0,0,0.7,0,0,0,0.7,0,0
01/05/2010,251.7,14.1,237.6,39.1,212.7,50.2,197.5,39.3,158.2,4,108.8,62.4,35.1,38.8,6.7,251.7,0,0,0.7,0,0.7,0.7,0,0,0.7,0,0.7,0,0,0.7,0,0,0,0.7,0,0
01/06/2010,250,14.4,235.7,34.2,215.8,53,193.1,39.5,153.6,4,118.1,56.5,34.2,34.5,6.7,250,0,0,0.7,0,0.7,0.7,0,0,0.7,0,0.7,0,0,0.7,0,0,0,0.7,0,0
01/07/2010,256.6,12.9,243.8,36.1,220.5,51.7,192.5,39.5,153,12.4,116.3,56.5,32.8,44.4,6.7,256.6,0,0,0.7,0,0.7,0.7,0,0,0.7,0,0.7,0,0,0.7,0,0,0,0.7,0,0
01/08/2010,242.6,9.5,233.1,32.6,210.1,51,188.1,39.6,148.5,3.5,121,51.4,30.3,35.7,4.2,242.6,0,0,2,0,2,0.7,1.3,0,2,0,2,0,0,2,0,0,0,2,0,0
01/09/2010,251.3,13.1,238.2,39.7,211.6,60.3,187.5,39.8,147.7,3.5,123.4,52.7,35.3,35.7,4.2,244.6,6.7,0,2,0,2,0.7,1.3,0,2,0,2,0,0,2,0,0,0,2,0,0
01/10/2010,263.8,15.5,248.3,39.1,224.7,72.3,188,40,148,3.5,133.6,52.3,38,35.7,4.2,257.2,6.5,0,2,0,2,0.7,1.3,0,2,0,2,0,0,2,0,0,0,2,0,0
01/11/2010,272.7,15.1,257.5,36.8,235.8,59.4,185.7,38.8,147,27.5,141.5,52.2,38.6,36.1,4.2,266.1,6.6,0,2,0,2,0.7,1.3,0,2,0,2,0,0,2,0,0,0,2,0,0
01/12/2010,265.4,12,253.5,32.1,233.3,59.3,179.1,38.9,140.2,27.1,137.2,47.8,37.7,38.6,4.2,258.7,6.7,0,2,0,2,0.7,1.3,0,2,0,2,0,0,2,0,0,0,2,0,0
01/01/2011,260.2,12.7,247.6,29.5,230.7,74.3,182.5,39.2,143.3,3.5,138.2,47.5,49.3,21.8,3.5,253.6,6.6,0,2,0,2,0.7,1.3,0,2,0,2,0,0,2,0,0,0,2,0,0
01/02/2011,261.8,13.7,248.1,31.1,230.7,75.2,183.1,39.3,143.8,3.5,139.2,48,49.4,21.8,3.5,255.2,6.6,0,2,0,2,0.7,1.3,0,2,0,2,0,0,2,0,0,0,2,0,0
01/03/2011,261.7,13.7,248,33.2,228.4,75.1,183.1,38.9,144.2,3.5,150,48.6,40.2,18.9,3.9,255.2,6.5,0,1.3,0,1.3,0,1.3,0,1.3,0,1.3,0,0,1.3,0,0,0,1.3,0,0
01/04/2011,267.2,12.5,254.7,37.8,229.4,78.7,185,38.9,146.1,3.5,144.7,49,50.6,19.1,3.8,260.9,6.3,0,2.8,0,2.8,0,2.8,0,2.8,0,2.8,0,0,2.8,0,0,0,2.8,0,0
01/05/2011,271.2,13.3,257.9,38.1,233.1,80.8,186.9,38.8,148,3.5,145.3,52,51.3,18.8,3.8,264.9,6.3,0,2.8,0,2.8,0,2.8,0,2.8,0,2.8,0,0,2.8,0,0,0,2.8,0,0
01/06/2011,276.5,20.3,256.2,45.3,231.2,87.8,185.2,38.6,146.6,3.5,152.1,51.2,40.4,29.3,3.5,270.1,6.4,0,2.8,0,2.8,0,2.8,0,2.8,0,2.8,0,0,2.8,0,0,0,2.8,0,0
01/07/2011,273.7,21.7,252.1,42.5,231.2,92,181.8,38.7,143,0,140.4,53.4,37.9,29.3,12.8,267.3,6.4,0,2.8,0,2.8,0,2.8,0,2.8,0,2.8,0,0,2.8,0,0,0,2.8,0,0
01/08/2011,275.1,24.4,250.7,45.6,229.5,92.7,182.4,38.9,143.5,0,139.9,53.5,38.4,29.1,14.2,268.3,6.7,0,2.8,0,2.8,0,2.8,0,2.8,0,2.8,0,0,2.8,0,0,0,2.8,0,0
01/09/2011,282.3,21.7,260.6,43.8,238.5,95.8,186.5,40.6,145.9,0,145.2,56.3,39.3,28.8,12.7,274.8,7.5,0,2.8,0,2.8,0,2.8,0,2.8,0,2.8,0,0,2.8,0,0,0,2.8,0,0
01/10/2011,288.8,22.5,266.4,44.5,244.3,97.6,191.2,44.3,146.9,0,148.4,60.4,41.3,26,12.7,281.6,7.2,0,2.8,0,2.8,1.5,1.3,0,2.8,0,2.8,0,0,2.8,0,0,0,2.8,0,0
01/11/2011,293.8,22.4,271.4,45.5,248.4,97.8,196.1,44.7,151.4,0,148.8,64.2,41.6,26.6,12.7,286.4,7.4,0,2.8,0,2.8,1.5,1.3,0,2.8,0,2.8,0,0,2.8,0,0,0,2.8,0,0
01/12/2011,292.6,21.1,271.4,48.7,243.9,96.9,195.7,45.1,150.6,0,148.1,64.4,40.9,26.6,12.5,285,7.6,0,2.8,0,2.8,1.5,1.3,0,2.8,0,2.8,0,0,2.8,0,0,0,2.8,0,0
01/01/2012,291,22.1,268.9,48.5,242.5,97.3,193.7,45.5,148.2,0,147.8,64.5,35.5,12.2,31.1,283.9,7.1,0,2.8,0,2.8,1.5,1.3,0,2.8,0,2.8,0,0,2.8,0,0,0,2.8,0,0
01/02/2012,302.7,29.2,273.5,55.6,247.1,108.6,194.1,45.6,148.5,0,154.4,69,36.7,11.6,31,295.7,7,0,2.8,0,2.8,1.5,1.3,0,2.8,0,2.8,0,0,2.8,0,0,0,2.8,0,0
01/03/2012,310.8,25,285.9,48.5,262.3,109.4,201.4,45.5,155.9,0,152.6,78.9,36.4,26,16.9,303.8,7,0,2.8,0,2.8,1.5,1.3,0,2.8,0,2.8,0,0,2.8,0,0,0,2.8,0,0
01/04/2012,298.4,22.7,275.7,39.5,258.8,106.2,192.2,46.4,145.8,0,151.2,73.7,34.6,22.1,16.6,291.3,7.1,0,2.8,0,2.8,1.5,1.3,0,2.8,0,2.8,0,0,2.8,0,0,0,2.8,0,0
01/05/2012,301,22.2,278.8,38.1,262.9,105.8,195.2,47.1,148.1,0,150.9,73.2,38,22.2,16.7,293.2,7.8,0,2.8,0,2.8,1.5,1.3,0,2.8,0,2.8,0,0,2.8,0,0,0,2.8,0,0
01/06/2012,306,22.7,283.3,38.6,267.4,110.7,195.3,47,148.3,0,153.1,72.7,41.9,6.3,31.9,296,10,0,4.5,0,4.5,1.5,3,0,4.5,0,4.5,0,0,4.5,0,0,0,4.5,0,0
01/07/2012,306,23.6,282.4,43.7,262.3,111.1,194.9,47.3,147.6,0,153.9,72.4,42,6.5,31.1,296.1,9.9,0,4.5,0,4.5,1.5,3,0,4.5,0,4.5,0,0,4.5,0,0,0,4.5,0,0
01/08/2012,307.6,24.3,283.2,39.2,268.4,111.3,196.1,47.3,148.8,0.2,149.3,78.8,42.6,5.9,31,297.7,9.9,0,4.5,0,4.5,1.5,3,0,4.5,0,4.5,0,0,4.5,0,0,0,4.5,0,0
01/09/2012,314.6,23.5,291.1,43.9,270.7,113.1,201.3,52.7,148.7,0.2,152.6,84,42.3,5.9,29.8,305,9.6,0,4.5,0,4.5,1.5,3,0,4.5,0,4.5,0,0,4.5,0,0,0,4.5,0,0
01/10/2012,317.7,23.9,293.7,45.5,272.2,114.3,203.1,53.9,149.3,0.2,157.4,86.3,37.6,5.5,30.8,307.9,9.8,0,3,0,3,0,3,0,3,0,3,0,0,3,0,0,0,3,0,0
01/11/2012,304.8,11.2,293.6,36.7,268,101.3,203.2,54.1,149.1,0.2,153.2,85.6,37.9,5.5,22.6,295.1,9.6,0,3,0,3,0,3,0,3,0,3,0,0,3,0,0,0,3,0,0
01/12/2012,303.3,18.1,285.2,35,268.4,108.3,194.9,54.4,140.5,0.2,146.1,86.6,37.3,2.9,30.5,293.7,9.7,0,3,0,3,0,3,0,3,0,3,0,0,3,0,0,0,3,0,0
01/01/2013,305.8,21.5,284.3,38.2,267.6,111.5,194.1,53.9,140.2,0.2,149.2,86.5,36.6,2.7,30.8,296.3,9.5,0,3,0,3,0,3,0,3,0,3,0,0,3,0,0,0,3,0,0
01/02/2013,313,19.1,294,35.8,277.2,112.8,200,58.4,141.6,0.2,154.2,90.8,36.8,2.7,28.6,303.5,9.5,0,4,0,4,0,4,1,3,0,3,0,0,4,0,0,0,4,0,0
01/03/2013,317.2,19.4,297.8,39.2,278.1,116.3,200.7,58.3,142.4,0.2,157.5,92,35,3.4,29.3,308,9.2,0,5,0,5,0,5,1,4,0,4,0,0,5,0,0,0,5,0,0
01/04/2013,323.5,20.9,302.6,41.2,282.3,118.2,205.1,58.7,146.4,0.2,156.7,94.2,34.4,3.9,34.3,314.5,9.1,0,5,0,5,0,5,1,4,0,4,0,0,5,0,0,0,5,0,0
01/05/2013,334.4,20.1,314.3,42.4,292,128.9,205.3,58.8,146.5,0.2,165.6,95.3,35.3,3.9,34.3,324.8,9.5,0,5,0,5,0,5,1,4,0,4,0,0,5,0,0,0,5,0,0
01/06/2013,339.5,20.1,319.5,44.5,295,129.5,209.8,60.4,149.4,0.2,165.9,96.9,38.1,3.9,34.8,329.8,9.7,0,5,0,5,0,5,1,4,0,4,0,0,5,0,0,0,5,0,0
01/07/2013,336.2,19.2,317,39.8,296.5,107.3,164.3,60.4,104,64.6,162.2,93.6,43.9,2.4,34.1,326.6,9.6,0,5,0,5,0,5,1,4,0,4,0,0,5,0,0,0,5,0,0
01/08/2013,340.4,19.6,320.8,40.5,299.9,129.4,210.8,60.4,150.4,0.2,162.3,96.8,44.2,2.3,34.9,330.4,9.9,0,5,0,5,0,5,1,4,0,4,0,0,5,0,0,0,5,0,0
01/09/2013,338.2,16.3,322,32.6,305.7,127.7,209.3,58,151.3,1.2,160.2,100.9,44.2,3.1,29.9,328.4,9.8,0,5,0,5,0,5,1,4,0,4,0,0,5,0,0,0,5,0,0
01/10/2013,336.1,16.3,319.8,38.6,297.5,127.6,208.3,59,149.3,0.2,161,98,55.5,2.4,19.2,326.4,9.7,0,5,0,5,0,5,1,4,0,4,0,0,5,0,0,0,5,0,0
01/11/2013,335,13.5,321.5,40.5,294.5,126.9,207.9,59.3,148.6,0.2,155.4,96.3,61.7,2.3,19.3,325.2,9.8,0,5,0,5,0,5,1,4,0,4,0,0,5,0,0,0,5,0,0
01/12/2013,343.9,10.3,333.6,45.3,298.6,127.1,216.6,62.3,154.3,0.2,160.8,98.2,62,2.4,20.6,334.1,9.8,0,5,0,5,0,5,1,4,0,4,0,0,5,0,0,0,5,0,0
01/01/2014,344.6,9.9,334.7,45,299.6,123.3,217.9,62.8,155,3.5,162.1,98.5,66,2.4,15.7,334.9,9.8,0,5,0,5,0,5,1,4,0,4,0,0,5,0,0,0,5,0,0
01/02/2014,348.2,11.1,337.1,51.4,296.8,125.5,219.2,63,156.2,3.5,164.2,98.6,67.3,2.4,15.7,338.5,9.7,0,5,0,5,0,5,1,4,0,4,0,0,5,0,0,0,5,0,0
01/03/2014,349.2,11.1,338.1,53.9,295.3,125.3,220.4,63.2,157.2,3.5,165.7,98.6,67.2,2.4,15.3,339.7,9.5,0,5.1,0.1,5,0.1,5,1.1,4,0,4,0,0.1,5,0,0,0,5.1,0,0
01/04/2014,350,9.8,340.2,49.6,300.4,123.3,223.2,63.2,160,3.5,168,97.9,66.5,2.4,15.3,340.5,9.6,0,5.6,0.6,5,0.6,5,1.6,4,0,4,0,0.6,5,0,0,0,5.6,0,0
01/05/2014,350.5,10.1,340.4,50.5,299.9,123.5,223.5,62.9,160.6,3.5,170.2,99.1,62.7,2.3,16.2,341.1,9.4,0,6.5,1.5,5,1.5,5,2.5,4,0,4,0,1.5,5,0,0,0,6.5,0,0
01/06/2014,345.7,9.3,336.4,46.2,299.5,125.3,217,62.9,154.1,3.5,169.2,96.6,61.2,2.4,16.3,336.2,9.5,0,7.4,2.4,5,2.4,5,3.4,4,0,4,0,2.4,5,0,0,0,7.4,0,0
01/07/2014,349.1,8.8,340.2,44.5,304.6,125.2,220.4,66.8,153.6,3.5,174.6,92.6,63.7,1.4,16.7,339.4,9.7,0,6.9,1.9,5,3.2,3.7,2.9,4,0,4,0,1.9,5,0,0,0,6.9,0,0
01/08/2014,356.2,8.8,347.5,45.9,310.4,128.1,224.3,69.7,154.7,3.8,183.4,87.9,64.5,1.3,19.2,346.7,9.5,0,6.6,1.6,5,2.9,3.7,2.6,4,0,4,0,1.6,5,0,0,0,6.6,0,0
01/09/2014,352.7,8.5,344.2,44.6,308,127.8,221.4,70,151.4,3.5,182.4,83.5,67.9,1.4,17.5,342.9,9.8,0,6.2,1.2,5,2.5,3.7,2.2,4,0,4,0,1.2,5,0,0,0,6.2,0,0
01/10/2014,349,9.6,339.3,42.5,306.5,130.2,215.3,68.8,146.5,3.5,179.5,88.9,61.8,1.4,17.4,339.1,9.8,0,8.6,1.4,7.1,2.7,5.8,4.6,4,0,4,0,1.4,5,0,0,2.1,8.6,0,0
01/11/2014,339.6,9.2,330.4,38.4,301.3,129.8,209.8,68.8,141,0,173.3,89.1,61.9,1.3,14,329.5,10.1,0,8.1,1,7.1,2.3,5.8,4.1,4,0,4,0,1,5,0,0,2.1,8.1,0,0
01/12/2014,337.6,8,329.6,30.5,307.1,133.1,204.5,68.8,135.7,0,170.9,83.7,67.7,1.4,14,326.9,10.8,0,7.4,0.2,7.1,1.5,5.8,3.4,4,0,4,0,0.2,5,0,0,2.1,7.4,0,0
01/01/2015,339,8.1,330.9,32.1,306.9,133.3,205.7,69,136.7,0,171.2,83.9,67.7,1.3,14.9,328,10.9,0,7.7,0.6,7.1,1.9,5.8,3.7,4,0,4,0,0.6,5,0,0,2.1,7.7,0,0
01/02/2015,347,7.3,339.6,26.1,320.8,141.6,203.6,68.5,135,1.8,179.9,84.5,66.5,1.3,14.9,336.1,10.9,0,9.8,0.6,9.2,1.9,7.9,5.8,4,0,4,0,0.6,7.1,0,0,2.1,9.8,0,0
01/03/2015,356.1,7,349.1,28.6,327.5,143.6,212.3,73.5,138.8,0.2,181.9,89,70.3,1.4,13.5,345,11.1,0,10,0.8,9.2,2.1,7.9,6,4,0,4,0,2.9,5,0,0,2.1,10,0,0
01/04/2015,358.2,8.5,349.7,32.5,325.7,144.4,213.6,73.7,139.8,0.2,183.1,89.2,71.1,1.4,13.4,346.9,11.2,0,9.8,0.6,9.2,1.9,7.9,5.8,4,0,4,0,2.7,5,0,0,2.1,9.8,0,0
01/05/2015,365.1,8.4,356.7,30.4,334.7,145.9,219,76.5,142.5,0.2,192.4,81.9,76.1,1.3,13.4,353.9,11.2,0,9.8,0.6,9.2,1.9,7.9,5.8,4,0,4,0,2.7,5,0,0,2.1,9.8,0,0
01/06/2015,371.7,8.3,363.5,38.8,332.9,151.6,219.9,76.3,143.6,0.2,197.7,89.4,69.8,1.4,13.4,360.3,11.5,0,9.6,0.4,9.2,1.7,7.9,5.6,4,0,4,0,2.5,5,0,0,2.1,9.6,0,0
01/07/2015,374.8,8,366.8,37.4,337.4,152.8,221.8,76.4,145.3,0.2,197.5,92.6,70.4,1.3,13,363.1,11.7,0,8.3,0.4,7.9,0.4,7.9,5.6,2.7,0,2.7,0,2.5,3.7,0,0,2.1,8.3,0,0
01/08/2015,391.8,8.1,383.7,36.4,355.3,161,230.6,83.6,147,0.2,197.9,110.2,68.7,1.4,13.5,381.7,10.1,0,8.3,0.4,7.9,0.4,7.9,5.6,2.7,0,2.7,0,2.5,3.7,0,0,2.1,8.3,0,0
01/09/2015,396.4,6.5,389.9,34.8,361.6,163.9,232.4,83.2,149.2,0.2,198,114,67.9,1.3,15.2,386.3,10.1,0,8.5,0.6,7.9,0.6,7.9,5.8,2.7,0,2.7,0,0.6,3.7,0,0,4.2,8.5,0,0
01/10/2015,395.5,6.2,389.3,34.5,361,163.6,231.7,83.5,148.2,0.2,198.2,113.6,67.2,1.3,15.2,385.6,9.9,0,8.5,0.6,7.9,0.6,7.9,5.8,2.7,0,2.7,0,0.6,3.7,0,0,4.2,8.5,0,0
01/11/2015,389.5,7.1,382.4,33.9,355.6,163.3,226,83.9,142.1,0.2,194,122.3,62.8,1.3,9.1,379.6,10,0,8.1,0.2,7.9,0.2,7.9,5.4,2.7,0,2.7,0,0.2,3.7,0,0,4.2,8.1,0,0
01/12/2015,397.9,5.7,392.2,31.7,366.2,166.1,231.6,84.3,147.3,0.2,194.4,128.4,64.2,1.3,9.5,387.5,10.3,0,9.1,0,9.1,0,9.1,6.4,2.7,0,2.7,0,0,3.7,0,0,5.4,9.1,0,0
01/01/2016,399,5.9,393.2,30.4,368.6,167,231.8,85.9,145.9,0.2,193.7,126.5,67.1,1,10.7,388.1,10.9,0,9.5,0.4,9.1,0.4,9.1,6.8,2.7,0,2.7,0,0.4,3.7,0,0,5.4,9.5,0,0
01/02/2016,402.6,5.6,397,30.2,372.5,169.8,232.6,86.6,146,0.2,185.3,137.7,67.9,1,10.8,391.8,10.9,0,9.5,0.4,9.1,0.4,9.1,6.8,2.7,0,2.7,0,0.4,3.7,0,0,5.4,9.5,0,0
01/03/2016,399.3,6.1,393.3,31.4,367.9,169.2,229.9,84.9,145,0.2,185.3,135.4,66.7,1,11.1,389,10.3,0,9.7,0.6,9.1,0.6,9.1,7,2.7,0,2.7,0,0.6,3.7,0,0,5.4,9.7,0,0
01/04/2016,404.4,6.6,397.8,29.4,375,171,233.1,87.2,145.9,0.2,187.5,137.2,67.1,1,17,394.1,10.3,0,9.7,0.6,9.1,0.6,9.1,7,2.7,0,2.7,0,0.6,3.7,0,0,0,9.7,0,0
01/05/2016,408.7,7,401.7,29.5,379.3,173.9,234.6,87,147.7,0.2,190.2,138.8,66.8,1,12,397.7,11,0,9.7,0.6,9.1,0.6,9.1,7,2.7,0,2.7,0,0.6,3.7,0,0,5.4,9.7,0,0
01/06/2016,404.2,8.1,396.1,25.9,378.3,173.8,230,85.1,144.9,0.3,159,149.1,73.5,1.3,21.4,393.1,11.1,0,9.1,0,9.1,1.7,7.4,6.4,2.7,0,2.7,0,0,3.7,0,0,5.4,9.1,0,0
01/07/2016,408.8,7.7,401.1,25.6,383.1,176.4,232.1,84.8,147.2,0.3,154.4,151.5,89.8,1.1,11.9,397.5,11.3,0,9.1,0,9.1,1.7,7.4,6.4,2.7,0,2.7,0,0,3.7,0,0,5.4,9.1,0,0
01/08/2016,413.9,9.3,404.7,33.7,380.2,181.2,232.6,85.4,147.1,0.1,163.9,146.9,79.1,1.5,22.6,402.6,11.3,0,9.1,0,9.1,1.7,7.4,6.4,2.7,0,2.7,0,5.4,3.7,0,0,0,9.1,0,0
01/09/2016,419.4,8.8,410.6,36.9,382.5,189.1,230.2,85.7,144.4,0.1,163.6,152.9,79.9,1.5,21.6,407.8,11.6,0,9.1,0,9.1,1.7,7.4,6.4,2.7,0,2.7,0,0,3.7,0,0,5.4,9.1,0,0
01/10/2016,422.9,5.7,417.2,32.8,390.1,190.1,232.6,89.4,143.3,0.1,160.2,153.1,86.8,1.5,21.4,411.6,11.3,0,9.1,0,9.1,1.7,7.4,6.4,2.7,0,2.7,0,0,3.7,0,0,5.4,9.1,0,0
01/11/2016,418.5,3.7,414.8,33.1,385.4,187.5,230.8,89.8,141,0.1,160.4,149.7,85.8,1.5,21.2,406.2,12.3,0,9.1,0,9.1,1.7,7.4,6.4,2.7,0,2.7,0,0,3.7,0,0,5.4,9.1,0,0
01/12/2016,420.4,6.1,414.3,34.7,385.8,187.6,232.8,90.3,142.5,0,159.5,149.9,88.9,1.1,21,408.1,12.4,0,9.1,0,9.1,1.7,7.4,6.4,2.7,0,2.7,0,0,3.7,0,0,5.4,9.1,0,0
01/01/2017,422.8,6.4,416.4,35,387.8,188,234.8,92.6,142.2,0,159.2,150.6,90.4,1.1,21.5,410.3,12.5,0,9.1,0,9.1,1.7,7.4,6.4,2.7,0,2.7,0,0,3.7,0,0,5.4,9.1,0,0
01/02/2017,424.2,6.6,417.5,39.1,385.1,187.8,236.3,93.8,142.5,0,153.4,148.9,99.3,1.1,21.5,412.2,12,0,9.1,0,9.1,1.7,7.4,6.4,2.7,0,2.7,0,0,3.7,0,0,5.4,9.1,0,0
01/03/2017,418.2,6.3,411.9,32.8,385.5,188.9,229.3,94.1,135.2,0,145.8,148.7,97,2.9,23.7,406.9,11.3,0,9.1,0,9.1,2.7,6.4,6.4,2.7,0,2.7,0,0,3.7,0,0,5.4,9.1,0,0
01/04/2017,419.2,6.5,412.7,34.4,384.8,190.3,228.9,94,134.8,0,142.2,155.6,95.4,2.8,23.2,407.9,11.4,0,9.1,0,9.1,2.7,6.4,6.4,2.7,0,2.7,0,0,3.7,0,0,5.4,9.1,0,0
01/05/2017,422.8,8.4,414.4,41,381.8,192.1,230.7,94.4,136.3,0,145.9,157.9,93.3,2.6,23.2,411.6,11.2,0,9.1,0,9.1,2.7,6.4,6.4,2.7,0,2.7,0,0,3.7,0,0,5.4,9.1,0,0
01/06/2017,436,9.9,426.2,39.7,396.3,204.7,231.3,94.6,136.7,0,153.6,158.1,97.4,2.4,24.6,425.2,10.8,0,7.4,0,7.4,1,6.4,6.4,1,0,1,0,0,2,0,0,5.4,7.4,0,0
01/07/2017,440.9,10.6,430.3,45.8,395.1,208.8,232.1,94.8,137.3,0,156.3,164.2,88.2,7.3,25,430.2,10.7,0,7.4,0,7.4,1,6.4,6.4,1,0,1,0,0,2,0,0,5.4,7.4,0,0
01/08/2017,443.6,11.2,432.4,53.8,389.8,212.5,231.1,95.3,135.8,0,163.7,159.3,85.2,11.3,24.1,433,10.7,0,7.4,0,7.4,1,6.4,6.4,1,0,1,0,0,2,0,0,5.4,7.4,0,0
01/09/2017,461.9,10.2,451.8,50.7,411.2,226.1,235.8,95.7,140.1,0,178.8,157.5,84.9,11.2,29.5,451,10.9,0,7.4,0,7.4,1,6.4,6.4,1,0,1,0,0,2,0,0,5.4,7.4,0,0
01/10/2017,480.1,11.8,468.3,41.8,438.2,242.7,237.3,96.6,140.7,0,193.2,152.9,92.8,11.2,29.9,468.6,11.5,0,7.4,0,7.4,1,6.4,6.4,1,0,1,0,0,2,0,0,5.4,7.4,0,0
01/11/2017,481.2,10.7,470.5,36.4,444.8,241.4,239.7,92.8,146.9,0,191.4,157,91.8,11.2,29.8,470,11.2,0,7.4,0,7.4,1,6.4,6.4,1,0,1,0,0,2,0,0,5.4,7.4,0,0
01/12/2017,480.8,9.3,471.5,35,445.8,242.1,238.7,92,146.7,0,190.8,157.3,93,9.9,29.8,469,11.8,0,7.4,0,7.4,1,6.4,6.4,1,0,1,0,0,2,0,0,5.4,7.4,0,0
01/01/2018,482.8,9.9,472.9,35.6,447.2,241.9,240.9,94.3,146.6,0,191.7,157.5,92.5,11.4,29.7,471.6,11.2,0,7.4,0,7.4,1,6.4,6.4,1,0,1,0,0,2,0,0,5.4,7.4,0,0
01/02/2018,481.4,10.3,471.1,37.2,444.1,241.3,240.1,92.3,147.8,0,189.1,156.4,92.9,11.3,31.6,470.1,11.3,0,7.4,0,7.4,1,6.4,6.4,1,0,1,0,0,2,0,0,5.4,7.4,0,0
01/03/2018,504.4,11.4,493,37.7,466.7,257.9,246.4,91.1,155.3,0,194.6,172,94.8,9.9,33.1,493.4,11,0,6.4,0,6.4,0,6.4,6.4,0,0,0,0,0,1,0,0,5.4,6.4,0,0
01/04/2018,512.4,11.7,500.7,35.1,477.4,261.8,250.6,92.6,158,0,200.5,149.7,117.2,11.6,33.4,501.2,11.3,0,6.4,0,6.4,0,6.4,6.4,0,0,0,0,0,1,0,0,5.4,6.4,0,0
01/05/2018,522.9,11.7,511.2,32,490.8,262.6,260.2,92.8,167.5,0,203.8,147.9,126,11.5,33.7,506.9,16,0,6.4,0,6.4,0,6.4,6.4,0,0,0,0,0,1,0,0,5.4,6.4,0,0
01/06/2018,520.8,11.5,509.2,33.5,487.3,262.4,254.4,92.6,161.8,4,203.8,147.6,124.5,11.3,33.7,505,15.8,0,6.4,0,6.4,0,6.4,6.4,0,0,0,0,0,1,0,0,5.4,6.4,0,0
01/07/2018,516.2,11.5,504.6,30.2,485.9,260.5,251.9,91.9,160,3.8,203.7,144.2,123.7,11.3,33.3,501.2,14.9,0,6.4,0,6.4,0,6.4,6.4,0,0,0,0,0,1,0,0,5.4,6.4,0,0
01/08/2018,517.1,11.8,505.3,24.5,492.5,260.6,252.6,92.4,160.2,3.9,203,144.3,130,6.3,33.5,501.7,15.3,0,6.4,0,6.4,0,6.4,6.4,0,0,0,0,0,1,0,0,5.4,6.4,0,0
01/09/2018,527.1,9.7,517.4,25.1,502,263.2,260.1,91.4,168.7,3.8,211.7,147.5,129.8,4.8,33.3,512.1,15,0,6.4,0,6.4,0,6.4,6.4,0,0,0,0,0,1,0,0,5.4,6.4,0,0
01/10/2018,528.9,9.4,519.5,25.1,503.8,265,259.8,91.8,167.9,4.1,212.2,147.6,131.6,4.9,32.7,512.7,16.3,0,6.4,0,6.4,0,6.4,6.4,0,0,0,0,0,1,0,0,5.4,6.4,0,0
01/11/2018,530,8.7,521.4,24.6,505.5,263.7,262.2,94.4,167.8,4.1,211.1,141.7,139.8,4.7,32.7,513.8,16.3,0,6.4,0,6.4,0,6.4,6.4,0,0,0,0,0,1,0,0,5.4,6.4,0,0
01/12/2018,536.3,9,527.3,28.8,507.6,263.5,272.8,103.4,169.4,0,219.9,138.7,128.2,4.7,44.8,520.6,15.7,0,6.4,0,6.4,0,6.4,6.4,0,0,0,0,0,1,0,0,5.4,6.4,0,0
01/01/2019,536.7,10.9,525.8,32.5,504.2,264.6,272.1,103.8,168.3,0,221.7,138.8,137.7,4.8,33.7,521.4,15.2,0,6.4,0,6.4,0,6.4,6.4,0,0,0,0,0,1,0,0,5.4,6.4,0,0
01/02/2019,538.2,12.1,526.2,37.9,500.3,265.5,272.7,103.8,168.9,0,222.5,138.8,138,4.9,34.1,522.8,15.4,0,6.4,0,6.4,0,6.4,6.4,0,0,0,0,0,1,0,0,5.4,6.4,0,0
01/03/2019,544.9,11.6,533.3,39.7,505.2,266.4,278.5,103.6,175,0,225.4,138.5,141.1,4.9,35.1,528.6,16.4,0,6.4,0,6.4,0,6.4,6.4,0,0,0,0,0,1,0,0,5.4,6.4,0,0
01/04/2019,546,12.6,533.3,42.6,503.4,267.8,276.4,99.3,177.1,1.8,226.9,139.4,140.5,4.8,34.3,529.9,16.1,0,6.4,0,6.4,0,6.4,6.4,0,0,0,0,0,1,0,0,5.4,6.4,0,0
01/05/2019,544.8,11.5,533.3,37.2,507.5,271,273.8,99.3,174.6,0,222.1,145,137.2,4.9,35.5,528.2,16.6,0,6.4,0,6.4,0,6.4,6.4,0,0,0,0,0,1,0,0,5.4,6.4,0,0
01/06/2019,558.2,12.4,545.8,39.7,518.5,273.3,285,108.1,176.9,0,230.9,141.9,141.7,4.7,39.1,542,16.2,0,6.4,0,6.4,0,6.4,6.4,0,0,0,0,0,1,0,0,5.4,6.4,0,0
01/07/2019,547.4,13,534.3,45.2,502.2,273.5,273.9,108.2,165.7,0,231.5,130.9,141.2,4.7,39.1,531.3,16,0,6.4,0,6.4,0,6.4,6.4,0,0,0,0,0,1,0,0,5.4,6.4,0,0
01/08/2019,548.1,13,535.1,46.1,502,273.8,274.3,108.4,165.9,0,232.1,135.2,137,4.8,39,531.2,17,0,6.4,0,6.4,0,6.4,6.4,0,0,0,0,0,1,0,0,5.4,6.4,0,0
01/09/2019,541.6,14.4,527.2,53.5,488.2,270.7,270.9,108.2,162.7,0,236.9,131,169,4.7,0,540.7,0.9,0,6.4,0,6.4,0,6.4,6.4,0,0,0,0,0,1,5.4,0,0,6.4,0,0
01/10/2019,536.3,14,522.3,47.3,489,265.2,271.1,108.6,162.5,0,241.4,121.1,169.1,4.6,0,535.4,0.9,0,6.4,0,6.4,0,6.4,6.4,0,0,0,0,0,1,5.4,0,0,6.4,0,0
01/11/2019,547.6,13.4,534.2,47.7,499.9,273.1,274.5,109.4,165.1,0,246.4,126,170.7,4.4,0,546.7,0.9,0,6.4,0,6.4,0,6.4,6.4,0,0,0,0,0,1,5.4,0,0,6.4,0,0
01/12/2019,546.5,12.1,534.4,45.5,501.1,273.9,272.6,111.9,160.7,0,245,124.6,172.4,4.4,0.1,545.7,0.8,0,6.4,0,6.4,0,6.4,6.4,0,0,0,0,0,1,5.4,0,0,6.4,0,0
01/01/2020,543.6,12.6,531,46.5,497.1,270.4,273.2,112.6,160.6,0,248.3,122.3,168.3,4.4,0.4,542.8,0.9,0,6.4,0,6.4,0,6.4,6.4,0,0,0,0,0,1,5.4,0,0,6.4,0,0
01/02/2020,547.2,13.9,533.3,38.2,509,268.6,278.7,113,165.7,0,248.2,122.4,169.4,4.3,2.9,546.3,0.9,0,6.4,0,6.4,0,6.4,6.4,0,0,0,0,0,1,5.4,0,0,6.4,0,0
01/03/2020,550.8,11.9,538.9,44.5,506.3,269.6,281.2,113.7,167.5,0,248,126.9,166.9,5.9,3.1,549.7,1.1,0,6.4,0,6.4,0,6.4,6.4,0,0,0,0,0,1,5.4,0,0,6.4,0,0
